{
    "\u5e73\u5747\u5f97\u5206": 312.20175140862153,
    "\u6700\u5927\u5f97\u5206": 2152.8,
    "\u6700\u5c0f\u5f97\u5206": 0.0,
    "\u5e73\u5747\u7bee\u677f": 132.85688026873572,
    "\u6700\u5927\u7bee\u677f": 1059.1538461538462,
    "\u6700\u5c0f\u7bee\u677f": 0.0,
    "\u5e73\u5747\u52a9\u653b": 70.62735061976254,
    "\u6700\u5927\u52a9\u653b": 831.8947368421053,
    "\u6700\u5c0f\u52a9\u653b": 0.0,
    "\u5e73\u5747\u62a2\u65ad": 25.30804792287904,
    "\u6700\u5927\u62a2\u65ad": 188.91666666666663,
    "\u6700\u5c0f\u62a2\u65ad": 0.0,
    "\u5e73\u5747\u76d6\u5e3d": 15.220008855180556,
    "\u6700\u5927\u76d6\u5e3d": 278.54545454545456,
    "\u6700\u5c0f\u76d6\u5e3d": 0.0,
    "\u5e73\u5747\u6295\u7bee\u547d\u4e2d\u7387": 0.4140930773580078,
    "\u6700\u5927\u6295\u7bee\u547d\u4e2d\u7387": 1.0,
    "\u6700\u5c0f\u6295\u7bee\u547d\u4e2d\u7387": 0.0,
    "\u5e73\u5747\u4e09\u5206\u7403\u547d\u4e2d\u7387": 0.19619550587728618,
    "\u6700\u5927\u4e09\u5206\u7403\u547d\u4e2d\u7387": 1.0,
    "\u6700\u5c0f\u4e09\u5206\u7403\u547d\u4e2d\u7387": 0.0,
    "\u5e73\u5747\u51fa\u573a\u6b21\u6570": 37.225593428758955,
    "\u6700\u5927\u51fa\u573a\u6b21\u6570": 82.0,
    "\u6700\u5c0f\u51fa\u573a\u6b21\u6570": 1.0,
    "\u5e73\u5747\u603b\u51fa\u573a\u65f6\u95f4": 756.2482116268627,
    "\u6700\u5927\u603b\u51fa\u573a\u65f6\u95f4": 3125.0,
    "\u6700\u5c0f\u603b\u51fa\u573a\u65f6\u95f4": 0.0
}